SkinCore MVP — Onboarding Questionnaire,,,,,,
Q. No,Section,Question,Answer Type,Options,JSON Field,User Answer
1,Basic Skin Profile,How would you describe your skin type?,Single choice,Normal / Dry / Oily / Combination / Sensitive / Not sure,skin_type,
2,Basic Skin Profile,What is your main skin concern?,Single choice,Acne / pimples; Dark spots / pigmentation; Redness / rash; Dryness / flaking; Excess oil; Uneven skin tone; Itching / irritation; Other,main_concern,
3,Basic Skin Profile,How long have you been experiencing this concern?,Single choice,Less than 1 week; 1-4 weeks; 1-3 months; 3-6 months; More than 6 months; It comes and goes,duration,
4,Symptoms,What symptoms are you currently experiencing?,Multiple choice,Itching; Redness; Swelling; Pain/tenderness; Dryness; Flaking; Burning/stinging; Pus/fluid-filled bumps; None of these; Other,symptoms,
5,Symptoms,How severe would you describe the concern?,Single choice,Mild - noticeable but not very bothersome; Moderate - frequently bothersome; Severe - significantly bothersome; Not sure,severity,
6,Symptoms,"Is the affected area getting better, worse, or staying the same?",Single choice,Improving; Getting worse; Staying the same; Comes and goes; Not sure,progress,
7,Skincare Habits,How often do you usually wash your face?,Single choice,Once a day; Twice a day; More than twice a day; Only when needed; Not regularly,wash_frequency,
8,Skincare Habits,What skincare products do you currently use?,Multiple choice,Face wash / cleanser; Moisturizer; Sunscreen; Acne treatment; Serum; Exfoliator / scrub; Face oil; Makeup; None; Other,products,
9,History & Triggers,Have you experienced a similar skin problem before?,Single choice,"Yes, frequently; Yes, occasionally; No; Not sure",previous_occurrence,
10,History & Triggers,Have you noticed anything that makes your skin concern better or worse?,Multiple choice + Other,Sun exposure; Stress; Weather changes; Certain foods; New skincare product; Makeup; Lack of sleep; Menstrual/hormonal changes; Nothing noticed; Other,triggers,
11,Optional Details,Tell us anything else you'd like SkinCore to know about your skin.,Open text (optional),Free text - e.g. When did you first notice it? Has anything changed recently?,additional_notes,
12,Optional Details,Is there anything specific you would like help with?,Open text (optional),Free text - e.g. I want to reduce dark spots or understand why my skin keeps getting irritated.,help_request,
